{"count":1,"self":1277.1954687999998,"total":16095.567718999999,"children":{"InitializeActuators":{"count":10,"self":0.0009995,"total":0.0009995,"children":null},"InitializeSensors":{"count":10,"self":0.0029996,"total":0.0029996,"children":null},"AgentSendState":{"count":10501701,"self":68.387756799999991,"total":1055.3194351,"children":{"CollectObservations":{"count":10501710,"self":197.5300608,"total":197.5300577,"children":null},"WriteActionMask":{"count":10501710,"self":13.4985424,"total":13.4985428,"children":null},"RequestDecision":{"count":10501710,"self":34.5992256,"total":775.9030809,"children":{"AgentInfo.ToProto":{"count":10501710,"self":34.616419199999996,"total":741.3038561,"children":{"GenerateSensorData":{"count":10501710,"self":706.6874368,"total":706.68743699999993,"children":null}}}}}}},"DecideAction":{"count":10501701,"self":13686.910156799999,"total":13686.9098203,"children":null},"AgentAct":{"count":10501701,"self":68.217625599999991,"total":76.1196599,"children":{"AgentInfo.ToProto":{"count":95261,"self":0.5747588,"total":7.9020326,"children":{"GenerateSensorData":{"count":95261,"self":7.3272736,"total":7.3272737999999995,"children":null}}}}}},"gauges":{"Tetris.CumulativeReward":{"count":95261,"max":2.11459923,"min":0.0024,"runningAverage":0.0358600244,"value":0.0948001146,"weightedAverage":0.05772677}},"metadata":{"timer_format_version":"0.1.0","start_time_seconds":"1630237569","unity_version":"2020.2.1f1","command_line_arguments":"D:\\Unity\\2020.2.1f1\\Editor\\Unity.exe -projectpath D:\\UnityProjects\\ML1 -useHub -hubIPC -cloudEnvironment production -hubSessionId 64c6e2c0-06f6-11ec-8efb-b5863cfc3dcf -accessToken CeysRRr4yk9-XSV50LltQDU7uq52Bvzx3dwEQae5fVU010f","communication_protocol_version":"1.5.0","com.unity.ml-agents_version":"2.1.0-exp.1","scene_name":"SampleScene","end_time_seconds":"1630253657"}}