{"count":1,"self":245.9204864,"total":248.4085131,"children":{"InitializeActuators":{"count":1,"self":0.00099969999999999985,"total":0.00099969999999999985,"children":null},"InitializeSensors":{"count":1,"self":0.0019998999999999998,"total":0.0019998999999999998,"children":null},"AgentSendState":{"count":12198,"self":0.0799458,"total":0.1199315,"children":{"CollectObservations":{"count":1220,"self":0.0239901,"total":0.0239901,"children":null},"WriteActionMask":{"count":1220,"self":0.0019997,"total":0.0019997,"children":null},"RequestDecision":{"count":1220,"self":0.013995899999999999,"total":0.013995899999999999,"children":null}}},"DecideAction":{"count":12198,"self":2.3341328,"total":2.3341328999999997,"children":null},"AgentAct":{"count":12198,"self":0.029963499999999997,"total":0.029963499999999997,"children":null}},"gauges":{"Tetris.CumulativeReward":{"count":3,"max":2.11880183,"min":0.0924001038,"runningAverage":0.7754674,"value":2.11880183,"weightedAverage":0.6118256}},"metadata":{"timer_format_version":"0.1.0","start_time_seconds":"1630738668","unity_version":"2020.2.1f1","command_line_arguments":"D:\\Unity\\2020.2.1f1\\Editor\\Unity.exe -projectpath D:\/UnityProjects\/TetrisGym -useHub -hubIPC -cloudEnvironment production -hubSessionId 8fee9a50-0d4b-11ec-9556-bf4756b7fe3f -accessToken XCZVbnniTbDIJFbwPitIWEaa98Ioq_5wgb8kRFyqjog010f","communication_protocol_version":"1.5.0","com.unity.ml-agents_version":"2.1.0-exp.1","scene_name":"TetrisGym","end_time_seconds":"1630738916"}}